{
  "timestamp": "2025-05-27T01:19:32.632018",
  "model_path": "tmp/best_model",
  "environment": "LunarLanderContinuous-v3",
  "metrics": {
    "mean_reward": 166.5417795753774,
    "std_reward": 92.56932609649749,
    "min_reward": -211.51454170213367,
    "max_reward": 275.32151658377893,
    "median_reward": 188.30967273239594,
    "success_rate": 0.34,
    "mean_episode_length": 604.98,
    "std_episode_length": 265.7476615136999
  }
}